<?xml version="1.0" encoding="utf-8"?>
<!--This is an ATutor SCORM 1.2 Content Package document-->
<!--Created from the ATutor Content Package Generator - http://www.atutor.ca-->
<manifest xmlns="http://www.imsproject.org/xsd/imscp_rootv1p1p2" xmlns:imsmd="http://www.imsglobal.org/xsd/imsmd_rootv1p2p1" xmlns:xsi="http://www.w3.org/2001/XMLSchema-instance" xmlns:adlcp="http://www.adlnet.org/xsd/adlcp_rootv1p2" identifier="MANIFEST-1f6e79f726b2faa20a5a3e1346e3bdd6" 
xsi:schemaLocation="http://www.imsglobal.org/xsd/imscp_v1p1 http://www.imsglobal.org/xsd/imscp_v1p1p4.xsd http://www.imsglobal.org/xsd/imsmd_v1p2 http://www.imsglobal.org/xsd/imsmd_v1p2p2.xsd http://www.imsglobal.org/xsd/imsqti_item_v2p0 http://www.imsglobal.org/xsd/imsqti_item_v2p0.xsd" 
version = "CP 1.1.4">
	<metadata>
		<schema>ADL SCORM</schema> 
  	    <schemaversion>1.2</schemaversion>
		<imsmd:lom>
		  <imsmd:general>
			<imsmd:title>
			  <imsmd:langstring xml:lang="en">asdf - asdf</imsmd:langstring>
			</imsmd:title>
			<imsmd:description>
			  <imsmd:langstring xml:lang="en">asdf</imsmd:langstring>
			</imsmd:description>
		  </imsmd:general>
		  <imsmd:lifecycle>
			<imsmd:contribute>
			  <imsmd:role>
			    <imsmd:source>
			      <imsmd:langstring xml:lang="x-none">LOMv1.0</imsmd:langstring> 
			    </imsmd:source>
			    <imsmd:value>
			      <imsmd:langstring xml:lang="x-none">Author</imsmd:langstring> 
			    </imsmd:value>
			  </imsmd:role>
			  <imsmd:centity>
			    <imsmd:vcard>BEGIN:VCARD
VERSION:2.1
N:kmk;kmk;kmk;;
FN:kmk kmk kmk
EMAIL;INTERNET:kminthein@outlook.com
NOTE;ENCODING=QUOTED-PRINTABLE:Originated from an ATutor at http://192.168.175.136/AWAE/ATutor/. See ATuto=
r.ca for additional information.
URL:
REV:2019-11-02T19:01:11Z
END:VCARD
</imsmd:vcard> 
			  </imsmd:centity>
			</imsmd:contribute>
		  </imsmd:lifecycle>
		  <imsmd:educational>
			<imsmd:learningresourcetype>
			  <imsmd:source>
				<imsmd:langstring xml:lang="x-none">ATutor</imsmd:langstring>
			  </imsmd:source>
			  <imsmd:value>
				<imsmd:langstring xml:lang="x-none">Content Module</imsmd:langstring>
			  </imsmd:value>
			</imsmd:learningresourcetype>
		  </imsmd:educational>
		  <imsmd:rights>
		  </imsmd:rights>
		</imsmd:lom>
	</metadata>

	<organizations default="MANIFEST01_ORG1">
		<organization identifier="MANIFEST01_ORG1" structure="hierarchical">
			<title>asdf - asdf</title>
                    <item identifier="MANIFEST01_ITEM1" identifierref="MANIFEST01_RESOURCE1" parameters="">
                            <title>asdf</title>
                    </item>

		</organization>
	</organizations>
	<resources>
		<resource identifier="MANIFEST01_RESOURCE1" type="webcontent" href="resources/1.html"  adlcp:scormtype="asset">
			<metadata/>
			<file href="resources/1.html"/>

			
		</resource>


	</resources>
</manifest>